{
  "train_losses": [
    0.6783209744541124,
    0.5116359625739613,
    0.4115092668725156,
    0.3214654590206585,
    0.24183913500144563,
    0.17832551331355653,
    0.13262872988807745,
    0.09997727747621207,
    0.07775737473676944,
    0.06318329317473817,
    0.05344074519201257,
    0.04517146932153866,
    0.03983138499503163,
    0.035254378021619785,
    0.03288559718378659,
    0.030781201900507527,
    0.027154199757623947,
    0.025391380527410013,
    0.024763340526528056,
    0.02303823018339516,
    0.021192055142045706,
    0.021947552246608954,
    0.020633439913434887,
    0.02052036162744137,
    0.019737117056702745,
    0.018453945689459985,
    0.018664750602396054,
    0.019200452153795754,
    0.01865738179352691,
    0.01892421976395551,
    0.018804594791419375,
    0.017594597305053437,
    0.01833070093905018,
    0.016730699672138895,
    0.01688759411610235,
    0.016830108299765778,
    0.016463973479152752,
    0.01594992262450443,
    0.01725216900084125,
    0.017807015439966458,
    0.01618540855178117,
    0.016433008397854436,
    0.014652323278855404,
    0.016535358441907955,
    0.014382532999138936,
    0.015583349947801566,
    0.015512918924307987,
    0.016528023857805323,
    0.015431206199024728,
    0.015310149912149698
  ],
  "val_losses": [
    0.5849779655868803,
    0.42723071056082157,
    0.3508292009500251,
    0.2552977439974905,
    0.2083086760384114,
    0.15821409709490813,
    0.1106883272373983,
    0.08639581792526886,
    0.07761357228686341,
    0.058875243431021095,
    0.05178538244593748,
    0.04464708673000884,
    0.043358774554459786,
    0.03485257466190497,
    0.03625814790247234,
    0.03299665096565101,
    0.03346272726771449,
    0.027841031439509698,
    0.025381138802625564,
    0.025861640378908573,
    0.025188392452087066,
    0.02466041331359394,
    0.022854366023982723,
    0.020781373185060507,
    0.023715394561332898,
    0.025739597872046372,
    0.021332383718606497,
    0.021755757701445354,
    0.02147260423097506,
    0.019562517141793575,
    0.020380163456942955,
    0.020862063202213593,
    0.02355246422821889,
    0.019690894614860382,
    0.020227227011165083,
    0.01850643243364596,
    0.020240544106561124,
    0.020730332948917483,
    0.020605785556242474,
    0.022313805006817074,
    0.01934347568467934,
    0.01770101260081499,
    0.019741996696263708,
    0.018137802351099658,
    0.017829988563767215,
    0.01936635389698654,
    0.019551792174356444,
    0.020669096683789225,
    0.02026969636767477,
    0.01859603390159264
  ],
  "best_val_loss": 0.01770101260081499,
  "config": {
    "learning_rate": 0.001,
    "batch_size": 1,
    "num_epochs": 50
  }
}